﻿<?xml version="1.0" encoding="UTF-8"?>
<!-- Produced from SAS data using SAS Clinical Standards Toolkit -->
<ODM
xmlns="http://www.cdisc.org/ns/odm/v1.3"
xmlns:data="http://www.cdisc.org/ns/Dataset-XML/v1.0"
ODMVersion="1.3.2"
FileType="Snapshot"
FileOID="cdisc01.TI"
PriorFileOID="www.cdisc.org.Studycdisc01-Define-XML_2.0.0"
CreationDateTime="2022-05-31T16:59:27"
data:DatasetXMLVersion="1.0.0">
<ReferenceData StudyOID="cdisc01" MetaDataVersionOID="MDV.CDISC01.SDTMIG.3.1.2.SDTM.1.2">
<ItemGroupData ItemGroupOID="IG.TI" data:ItemGroupDataSeq="1">
<ItemData ItemOID="IT.STUDYID" Value="CDISC01"/>
<ItemData ItemOID="IT.TI.DOMAIN" Value="TI"/>
<ItemData ItemOID="IT.TI.IETESTCD" Value="EXCL01"/>
<ItemData ItemOID="IT.TI.IETEST" Value="Is pregnant, nursing, or planning to become pregnant within 6 months of last study treatment"/>
<ItemData ItemOID="IT.TI.IECAT" Value="EXCLUSION"/>
</ItemGroupData>
<ItemGroupData ItemGroupOID="IG.TI" data:ItemGroupDataSeq="2">
<ItemData ItemOID="IT.STUDYID" Value="CDISC01"/>
<ItemData ItemOID="IT.TI.DOMAIN" Value="TI"/>
<ItemData ItemOID="IT.TI.IETESTCD" Value="EXCL02"/>
<ItemData ItemOID="IT.TI.IETEST" Value="Is unable or unwilling to undergo multiple venipunctures"/>
<ItemData ItemOID="IT.TI.IECAT" Value="EXCLUSION"/>
</ItemGroupData>
<ItemGroupData ItemGroupOID="IG.TI" data:ItemGroupDataSeq="3">
<ItemData ItemOID="IT.STUDYID" Value="CDISC01"/>
<ItemData ItemOID="IT.TI.DOMAIN" Value="TI"/>
<ItemData ItemOID="IT.TI.IETESTCD" Value="EXCL03"/>
<ItemData ItemOID="IT.TI.IETEST" Value="Is known to have had a substance abuse (drug or alcohol) problem within the previous 3 years"/>
<ItemData ItemOID="IT.TI.IECAT" Value="EXCLUSION"/>
</ItemGroupData>
<ItemGroupData ItemGroupOID="IG.TI" data:ItemGroupDataSeq="4">
<ItemData ItemOID="IT.STUDYID" Value="CDISC01"/>
<ItemData ItemOID="IT.TI.DOMAIN" Value="TI"/>
<ItemData ItemOID="IT.TI.IETESTCD" Value="INCL01"/>
<ItemData ItemOID="IT.TI.IETEST" Value="Is age 18 - 85"/>
<ItemData ItemOID="IT.TI.IECAT" Value="INCLUSION"/>
</ItemGroupData>
<ItemGroupData ItemGroupOID="IG.TI" data:ItemGroupDataSeq="5">
<ItemData ItemOID="IT.STUDYID" Value="CDISC01"/>
<ItemData ItemOID="IT.TI.DOMAIN" Value="TI"/>
<ItemData ItemOID="IT.TI.IETESTCD" Value="INCL02"/>
<ItemData ItemOID="IT.TI.IETEST" Value="Has Xyz disease of at least 10 weeks duration confirmed by biopsy"/>
<ItemData ItemOID="IT.TI.IECAT" Value="INCLUSION"/>
</ItemGroupData>
<ItemGroupData ItemGroupOID="IG.TI" data:ItemGroupDataSeq="6">
<ItemData ItemOID="IT.STUDYID" Value="CDISC01"/>
<ItemData ItemOID="IT.TI.DOMAIN" Value="TI"/>
<ItemData ItemOID="IT.TI.IETESTCD" Value="INCL03"/>
<ItemData ItemOID="IT.TI.IETEST" Value="Did not respond to a standard course of medication Abc"/>
<ItemData ItemOID="IT.TI.IECAT" Value="INCLUSION"/>
</ItemGroupData>
</ReferenceData>
</ODM>
